{"cameraMode":{"drawMode":0,"name":"Shaded","section":"Shading Mode"},"sceneLighting":false,"audioPlay":false,"sceneViewState":{"showFog":true,"showMaterialUpdate":false,"showSkybox":false,"showFlares":true,"showImageEffects":true,"showParticleSystems":true},"in2DMode":false,"pivot":{"x":3.890000343322754,"y":6.050000190734863,"z":-0.5399999618530273},"rotation":{"x":-0.06320440769195557,"y":-0.3595940172672272,"z":0.02442227490246296,"w":-0.9306562542915344},"size":2.832401752471924,"orthographic":false}