{"cameraMode":{"drawMode":0,"name":"Shaded","section":"Shading Mode"},"sceneLighting":true,"audioPlay":false,"sceneViewState":{"showFog":true,"showMaterialUpdate":false,"showSkybox":true,"showFlares":true,"showImageEffects":true,"showParticleSystems":true},"in2DMode":false,"pivot":{"x":47.336517333984378,"y":28.165851593017579,"z":7.8746795654296879},"rotation":{"x":-0.1493346393108368,"y":0.36865749955177309,"z":0.060134172439575198,"w":0.9155253767967224},"size":40.806331634521487,"orthographic":false}