{"cameraMode":{"drawMode":0,"name":"Shaded","section":"Shading Mode"},"sceneLighting":true,"audioPlay":false,"sceneViewState":{"showFog":true,"showMaterialUpdate":false,"showSkybox":true,"showFlares":true,"showImageEffects":true,"showParticleSystems":true},"in2DMode":false,"pivot":{"x":-2.141173839569092,"y":-1.213003158569336,"z":15.898975372314454},"rotation":{"x":0.0600716657936573,"y":-0.08195341378450394,"z":0.004957119002938271,"w":0.9948641061782837},"size":10.0,"orthographic":false}