{"cameraMode":{"drawMode":0,"name":"Shaded","section":"Shading Mode"},"sceneLighting":true,"audioPlay":false,"sceneViewState":{"showFog":true,"showMaterialUpdate":false,"showSkybox":true,"showFlares":true,"showImageEffects":true,"showParticleSystems":true},"in2DMode":false,"pivot":{"x":3.510000705718994,"y":1.6959999799728394,"z":-41.36000061035156},"rotation":{"x":-0.08477908372879029,"y":0.8254717588424683,"z":-0.12881457805633546,"w":-0.5431861877441406},"size":1.0713731050491334,"orthographic":false}