{"cameraMode":{"drawMode":0,"name":"Shaded","section":"Shading Mode"},"sceneLighting":false,"audioPlay":false,"sceneViewState":{"showFog":true,"showMaterialUpdate":false,"showSkybox":false,"showFlares":true,"showImageEffects":true,"showParticleSystems":true},"in2DMode":false,"pivot":{"x":18.464807510375978,"y":10.807100296020508,"z":15.142024993896485},"rotation":{"x":0.0026877163909375669,"y":-0.038706839084625247,"z":-0.00008804481331026182,"w":-0.9992791414260864},"size":9.380831718444825,"orthographic":false}