{"cameraMode":{"drawMode":0,"name":"Shaded","section":"Shading Mode"},"sceneLighting":false,"audioPlay":false,"sceneViewState":{"showFog":true,"showMaterialUpdate":false,"showSkybox":false,"showFlares":true,"showImageEffects":true,"showParticleSystems":true},"in2DMode":false,"pivot":{"x":0.04570654034614563,"y":-1.4050779342651368,"z":3.3638880252838136},"rotation":{"x":0.49716195464134219,"y":-0.07246645539999008,"z":0.041676465421915057,"w":0.8636738061904907},"size":1.9606256484985352,"orthographic":false}