{"cameraMode":{"drawMode":0,"name":"Shaded","section":"Shading Mode"},"sceneLighting":false,"audioPlay":false,"sceneViewState":{"showFog":true,"showMaterialUpdate":false,"showSkybox":false,"showFlares":true,"showImageEffects":true,"showParticleSystems":true},"in2DMode":false,"pivot":{"x":0.3790525794029236,"y":0.15518498420715333,"z":-0.4198775887489319},"rotation":{"x":-0.12287105619907379,"y":0.3608552813529968,"z":-0.048029061406850818,"w":-0.9232568740844727},"size":0.000017320508050033823,"orthographic":false}