{"cameraMode":{"drawMode":0,"name":"Shaded","section":"Shading Mode"},"sceneLighting":false,"audioPlay":false,"sceneViewState":{"showFog":true,"showMaterialUpdate":false,"showSkybox":false,"showFlares":true,"showImageEffects":true,"showParticleSystems":true},"in2DMode":false,"pivot":{"x":-0.04251250997185707,"y":0.44277673959732058,"z":2.3626012802124025},"rotation":{"x":0.31154465675354006,"y":-0.004876308608800173,"z":0.001611014362424612,"w":0.9502667784690857},"size":0.19045209884643556,"orthographic":false}