{"cameraMode":{"drawMode":0,"name":"Shaded","section":"Shading Mode"},"sceneLighting":false,"audioPlay":false,"sceneViewState":{"showFog":true,"showMaterialUpdate":false,"showSkybox":false,"showFlares":true,"showImageEffects":true,"showParticleSystems":true},"in2DMode":false,"pivot":{"x":1.8356986045837403,"y":-1.036757230758667,"z":-1.489709734916687},"rotation":{"x":0.09865214675664902,"y":0.8804618120193481,"z":-0.210167795419693,"w":0.4133587181568146},"size":1.3863739967346192,"orthographic":false}