{"cameraMode":{"drawMode":0,"name":"Shaded","section":"Shading Mode"},"sceneLighting":false,"audioPlay":false,"sceneViewState":{"showFog":true,"showMaterialUpdate":false,"showSkybox":false,"showFlares":true,"showImageEffects":true,"showParticleSystems":true},"in2DMode":false,"pivot":{"x":-1.0244758129119874,"y":1.2039798498153687,"z":13.259202003479004},"rotation":{"x":-0.028165090829133989,"y":-0.038110747933387759,"z":-0.0010953341843560339,"w":0.9988694190979004},"size":6.786375522613525,"orthographic":false}