{"cameraMode":{"drawMode":0,"name":"Shaded","section":"Shading Mode"},"sceneLighting":false,"audioPlay":false,"sceneViewState":{"showFog":true,"showMaterialUpdate":false,"showSkybox":false,"showFlares":true,"showImageEffects":true,"showParticleSystems":true},"in2DMode":false,"pivot":{"x":-0.5661275386810303,"y":0.5957882404327393,"z":-0.057711899280548099},"rotation":{"x":-0.014323855750262738,"y":-0.9154208898544312,"z":0.40093177556991579,"w":-0.03270344436168671},"size":0.3627862334251404,"orthographic":false}