{"cameraMode":{"drawMode":0,"name":"Shaded","section":"Shading Mode"},"sceneLighting":false,"audioPlay":false,"sceneViewState":{"showFog":true,"showMaterialUpdate":false,"showSkybox":false,"showFlares":true,"showImageEffects":true,"showParticleSystems":true},"in2DMode":false,"pivot":{"x":0.43237346410751345,"y":0.3891609311103821,"z":0.30435705184936526},"rotation":{"x":0.41717439889907839,"y":0.042775463312864307,"z":-0.01956094615161419,"w":0.9076841473579407},"size":5.407395362854004,"orthographic":false}