{"cameraMode":{"drawMode":0,"name":"Shaded","section":"Shading Mode"},"sceneLighting":false,"audioPlay":false,"sceneViewState":{"showFog":true,"showMaterialUpdate":false,"showSkybox":false,"showFlares":true,"showImageEffects":true,"showParticleSystems":true},"in2DMode":false,"pivot":{"x":-0.10905000567436218,"y":0.523175835609436,"z":-0.34134262800216677},"rotation":{"x":0.22721849381923676,"y":0.06943286955356598,"z":-0.01624009571969509,"w":0.971264123916626},"size":0.8227303624153137,"orthographic":false}