{"cameraMode":{"drawMode":0,"name":"Shaded","section":"Shading Mode"},"sceneLighting":false,"audioPlay":false,"sceneViewState":{"showFog":true,"showMaterialUpdate":false,"showSkybox":false,"showFlares":true,"showImageEffects":true,"showParticleSystems":true},"in2DMode":false,"pivot":{"x":0.05947551131248474,"y":1.102056622505188,"z":0.1963266134262085},"rotation":{"x":-0.08546716719865799,"y":0.9120041131973267,"z":-0.3172873258590698,"w":-0.24560478329658509},"size":0.2227303385734558,"orthographic":false}