{"cameraMode":{"drawMode":0,"name":"Shaded","section":"Shading Mode"},"sceneLighting":false,"audioPlay":false,"sceneViewState":{"showFog":true,"showMaterialUpdate":false,"showSkybox":false,"showFlares":true,"showImageEffects":true,"showParticleSystems":true},"in2DMode":false,"pivot":{"x":-0.6441801190376282,"y":0.7055127620697022,"z":1.9479999542236329},"rotation":{"x":0.07619839161634445,"y":-0.891943633556366,"z":0.16397076845169068,"w":0.4144456684589386},"size":0.08660252392292023,"orthographic":false}